Date,Creel_Location,Sampler,Time_Interviewed,No_Fishers_Boat,Total_Pots_Fished,No_Pots_Lost,Shrimp_Catch_Area_Map,Nearest_Landmark,Date_Pots_Started_Soaking,Time_Pots_Started_Soaking,Date_Last_Pot_Pulled,Time_Last_Pot_Pulled,Spot_Shrimp_Retained,Spot_Shrimp_Heads_On,Spot_Shrimp_No_Weighed,Spot_Shrimp_Weight,Est_Non_Spot_Number,Est_Non_spot_weight,Notes
5/11/2019,Camano Island SP Ramp,Catherine Harris,900,5,4,,24C-3,Cama Beach,5/11/2019,701,5/11/2019,830,80,,,,,,
5/11/2019,Camano Island SP Ramp,Catherine Harris,950,3,3,,24C-3,Camano State Park,5/11/2019,700,5/11/2019,900,240,Yes,20,928,,,
5/11/2019,Camano Island SP Ramp,Catherine Harris,1020,5,4,,24C-3,Camano State Park,5/11/2019,700,5/11/2019,950,398,,,,,,
5/11/2019,Camano Island SP Ramp,Catherine Harris,1030,2,3,,24C-3,Onamac Pt.,5/11/2019,700,5/11/2019,950,132,,,,,,
5/11/2019,Camano Island SP Ramp,Catherine Harris,1031,3,1,,24C-2,Camano State Park,5/11/2019,730,5/11/2019,845,17,,,,,,
5/11/2019,Camano Island SP Ramp,Catherine Harris,1035,2,4,,24C-3,Camano State Park,5/11/2019,700,5/11/2019,1000,6,,,,1,,
5/11/2019,Camano Island SP Ramp,Catherine Harris,1045,2,2,,24C-3,Onamac Pt.,5/11/2019,701,5/11/2019,1015,153,,,,,,
5/11/2019,Camano Island SP Ramp,Catherine Harris,1052,3,3,,24C-6,Snatelum Point,5/11/2019,700,5/11/2019,1030,100,,,,,,
5/11/2019,Camano Island SP Ramp,Catherine Harris,1054,4,4,,24C-3,Camano State Park,5/11/2019,705,5/11/2019,1020,320,No,20,362,,,
5/11/2019,Camano Island SP Ramp,Catherine Harris,1055,2,3,,24C-2,Onamac Pt.,5/11/2019,701,5/11/2019,1030,160,,,,,,
5/11/2019,Camano Island SP Ramp,Catherine Harris,1100,2,2,,24C-6,Greenbank,5/11/2019,700,5/11/2019,1030,127,,,,,,
5/11/2019,Camano Island SP Ramp,Catherine Harris,1110,2,4,,24C-2,Onamac Pt.,5/11/2019,700,5/11/2019,1015,160,No,20,400,,,
5/11/2019,Camano Island SP Ramp,Catherine Harris,1113,2,4,,24C-3,Baby Is.,5/11/2019,700,5/11/2019,1012,160,,,,,,
5/11/2019,Camano Island SP Ramp,Catherine Harris,1115,4,4,,24C-2,Onamac Pt.,5/11/2019,700,5/11/2019,1055,262,,,,,,
5/11/2019,Camano Island SP Ramp,Catherine Harris,1120,2,4,,24C-3,Onamac Pt.,5/11/2019,700,5/11/2019,1030,86,,,,,,
5/11/2019,Camano Island SP Ramp,Catherine Harris,1125,3,1,,24C-3,Camano State Park,5/11/2019,830,5/11/2019,1030,0,,,,,,
5/11/2019,Camano Island SP Ramp,Catherine Harris,1130,7,4,,24C-2,Onamac Pt.,5/11/2019,700,5/11/2019,1000,560,No,20,358,,,
5/11/2019,Camano Island SP Ramp,Catherine Harris,1131,3,2,,24C-3,Baby Is.,5/11/2019,701,5/11/2019,1100,233,,,,,,
5/11/2019,Camano Island SP Ramp,Catherine Harris,1135,2,4,,24C-2,Onamac Pt.,5/11/2019,830,5/11/2019,1030,95,,,,,,
5/11/2019,Camano Island SP Ramp,Catherine Harris,1136,3,4,,24C-4,Stairs,5/11/2019,701,5/11/2019,1053,240,,,,,,
5/11/2019,Camano Island SP Ramp,Catherine Harris,1140,4,2,,24C-2,Onamac Pt.,5/11/2019,700,5/11/2019,1055,24,,,,2,,(coon stripe) 
5/11/2019,Camano Island SP Ramp,Catherine Harris,1142,5,4,,24C-2,Onamac Pt.,5/11/2019,700,5/11/2019,1050,106,No,20,425,,,
5/11/2019,Camano Island SP Ramp,Catherine Harris,1147,3,2,,24C-4,Mabana,5/11/2019,715,5/11/2019,1045,240,,,,,,
5/11/2019,Camano Island SP Ramp,Catherine Harris,1150,2,4,,24C-4,Mabana,5/11/2019,705,5/11/2019,1100,160,,,,,,
5/11/2019,Camano Island SP Ramp,Catherine Harris,1207,4,4,,24C-4,Alger Bay ,5/11/2019,705,5/11/2019,1100,200,,,,,,
5/11/2019,Camano Island SP Ramp,Catherine Harris,1210,2,2,,24C-4,Bluff,5/11/2019,720,5/11/2019,1135,45,,,,,,
5/11/2019,Camano Island SP Ramp,Catherine Harris,1215,4,4,,24C-4,Camano Head,5/11/2019,700,5/11/2019,1115,79,,,,,,
5/11/2019,Camano Island SP Ramp,Catherine Harris,1220,2,2,,24C-5,Langley,5/11/2019,700,5/11/2019,1030,160,,,,,,
5/11/2019,Camano Island SP Ramp,Catherine Harris,1230,4,4,,24C-6,Cama Beach,5/11/2019,730,5/11/2019,1130,320,,,,,,
5/11/2019,Camano Island SP Ramp,Catherine Harris,1235,2,3,,24C-3,Baby Is.,5/11/2019,700,5/11/2019,1000,160,No,20,360,,,
5/11/2019,Camano Island SP Ramp,Catherine Harris,1240,4,3,,24C-5,Langley,5/11/2019,700,5/11/2019,1145,320,Yes,20,712,,,
5/11/2019,Camano Island SP Ramp,Catherine Harris,1245,4,4,,24C-3,Baby Is.,5/11/2019,700,5/11/2019,1230,230,Yes,20,646,,,
5/11/2019,Camano Island SP Ramp,Catherine Harris,1248,4,4,,24C-6,Baby Is.,5/11/2019,700,5/11/2019,1215,290,,,,,,
5/11/2019,Camano Island SP Ramp,Catherine Harris,1250,4,4,,24C-3,Onamac Pt.,5/11/2019,700,5/11/2019,1230,320,No,20,350,,,
5/11/2019,Camano Island SP Ramp,Catherine Harris,1253,2,2,,24C-4,Alger Bay ,5/11/2019,701,5/11/2019,1220,38,,,,,,
5/11/2019,Camano Island SP Ramp,Catherine Harris,1255,4,4,,24C-4,Alger Bay ,5/11/2019,701,5/11/2019,1100,320,,,,,,
5/11/2019,Camano Island SP Ramp,Catherine Harris,1257,4,4,,24C-4,Alger Bay ,5/11/2019,705,5/11/2019,1230,200,,,,,,
5/11/2019,Camano Island SP Ramp,Catherine Harris,1300,4,4,,24C-6,Baby Is.,5/11/2019,700,5/11/2019,1230,320,,,,,,
5/11/2019,Camano Island SP Ramp,Catherine Harris,1307,4,4,,24C-3,Cama Beach,5/11/2019,715,5/11/2019,1220,226,,,,,,
5/11/2019,Camano Island SP Ramp,Catherine Harris,1309,4,2,,24C-6,Camano State Park,5/11/2019,700,5/11/2019,1215,150,,,,,,
5/11/2019,Camano Island SP Ramp,Catherine Harris,1320,4,4,,24C-3,Baby Is.,5/11/2019,700,5/11/2019,1230,244,,,,,,
5/11/2019,Camano Island SP Ramp,Catherine Harris,1322,4,4,,24C-2,Onamac Pt.,5/11/2019,700,5/11/2019,1230,265,,,,,,
5/11/2019,Camano Island SP Ramp,Catherine Harris,1323,4,3,,24C-5,North section,5/11/2019,700,5/11/2019,1300,136,,,,,,
5/11/2019,Camano Island SP Ramp,Catherine Harris,1325,5,4,1,24C-3,Cama Beach,5/11/2019,705,5/11/2019,1235,281,,,,,,
5/11/2019,Camano Island SP Ramp,Catherine Harris,1326,6,4,,24C-3,Cama Beach,5/11/2019,701,5/11/2019,1257,160,No,20,363,,,
5/11/2019,Camano Island SP Ramp,Catherine Harris,1330,3,3,,24C-4,Pebble Beach,5/11/2019,705,5/11/2019,1240,170,,,,,,
5/11/2019,Camano Island SP Ramp,Catherine Harris,1336,5,4,,24C-3,Baby Is.,5/11/2019,720,5/11/2019,1250,240,,,,,,Said a little over 240 shrimp
5/11/2019,Camano Island SP Ramp,Catherine Harris,1337,2,2,1,24C-2,Onamac Pt.,5/11/2019,700,5/11/2019,1243,149,,,,,,
5/11/2019,Camano Island SP Ramp,Catherine Harris,1338,3,4,,24C-3,Baby Is.,5/11/2019,717,5/11/2019,1258,214,Yes,20,724,,,
5/11/2019,Camano Island SP Ramp,Catherine Harris,1342,3,2,,24C-2,Onamac Pt.,5/11/2019,945,5/11/2019,1300,122,,,,,,
5/11/2019,Camano Island SP Ramp,Catherine Harris,1344,2,4,,24C-2,Onamac Pt.,5/11/2019,700,5/11/2019,1245,50,,,,,,
5/11/2019,Camano Island SP Ramp,Catherine Harris,1352,3,4,,24C-3,Cama Beach,5/11/2019,700,5/11/2019,1245,105,,,,,,
5/11/2019,Camano Island SP Ramp,Catherine Harris,1353,2,2,1,24C-3,Cama Beach,5/11/2019,1000,5/11/2019,1245,76,,,,,,
5/11/2019,Camano Island SP Ramp,Catherine Harris,1358,6,4,,24C-4,County ramp,5/11/2019,800,5/11/2019,1256,148,No,20,358,,,
5/11/2019,Camano Island SP Ramp,Catherine Harris,1402,3,4,,24C-3,Baby Is.,5/11/2019,830,5/11/2019,1230,239,,,,,,
5/11/2019,Camano Island SP Ramp,Catherine Harris,1414,2,2,,24C-2,Onamac Pt.,5/11/2019,746,5/11/2019,1250,60,,,,15,,Also shrimped in 24C-3
5/11/2019,Camano Island SP Ramp,Catherine Harris,1417,2,2,,24C-4,Camano Head,5/11/2019,800,5/11/2019,1200,105,,,,,,Also shrimped in 24C-3
5/11/2019,Camano Island SP Ramp,Catherine Harris,1421,2,1,,26A-1,Camano Head,5/11/2019,710,5/11/2019,1255,160,,,,,,
5/11/2019,Edmonds Marina,Jeff McKee,1336,4,1,,26A-3,Shipwreck,5/11/2019,1115,5/11/2019,1300,0,,,,,,
5/11/2019,Edmonds Marina,Jeff McKee,1430,5,4,,24C-5,Langley,5/11/2019,700,5/11/2019,1300,288,,,,,,
5/11/2019,Edmonds Marina,Jeff McKee,1455,5,4,,26A-1,Hat Is.,5/11/2019,710,5/11/2019,1300,300,,,,,,
5/11/2019,Everett Ramp,A. Bosley,912,2,3,,24C-5,Langley,5/11/2019,700,5/11/2019,830,160,Yes,20,750,,,
5/11/2019,Everett Ramp,A. Bosley,931,2,4,,24C-5,Langley,5/11/2019,700,5/11/2019,830,160,,,,,,
5/11/2019,Everett Ramp,A. Bosley,939,4,4,,24C-5,Langley,5/11/2019,700,5/11/2019,900,320,No,20,280,,,
5/11/2019,Everett Ramp,A. Bosley,946,2,3,,26A-1,Hat Is.,5/11/2019,710,5/11/2019,910,160,Yes,,,,,
5/11/2019,Everett Ramp,A. Bosley,948,4,4,,24C-5,Langley,5/11/2019,700,5/11/2019,900,320,,,,,,
5/11/2019,Everett Ramp,A. Bosley,950,3,4,,24C-5,Langley,5/11/2019,700,5/11/2019,750,240,,,,,,
5/11/2019,Everett Ramp,A. Bosley,1001,5,4,,26A-1,Hat Is.,5/11/2019,700,5/11/2019,900,396,,,,,,
5/11/2019,Everett Ramp,A. Bosley,1003,3,3,,26A-9,Clinton,5/11/2019,700,5/11/2019,900,240,Yes,20,580,,,
5/11/2019,Everett Ramp,A. Bosley,1014,2,3,,24C-5,Langley,5/11/2019,701,5/11/2019,830,160,,,,,,
5/11/2019,Everett Ramp,A. Bosley,1016,4,4,,26A-1,Hat Is.,5/11/2019,700,5/11/2019,940,320,,,,,,
5/11/2019,Everett Ramp,A. Bosley,1017,3,2,,26A-1,Hat Is.,5/11/2019,800,5/11/2019,1000,240,,,,,,
5/11/2019,Everett Ramp,A. Bosley,1027,4,4,,26A-9,Clinton,5/11/2019,700,5/11/2019,1000,320,,,,,,
5/11/2019,Everett Ramp,A. Bosley,1028,3,4,,26A-2,Oil Dock,5/11/2019,700,5/11/2019,930,240,No,20,260,,,
5/11/2019,Everett Ramp,A. Bosley,1033,4,4,,26A-1,Hat Is.,5/11/2019,700,5/11/2019,1000,320,,,,,,
5/11/2019,Everett Ramp,A. Bosley,1041,6,2,,24B-1,Hat Is.,5/11/2019,700,5/11/2019,1015,60,Yes,20,885,,,
5/11/2019,Everett Ramp,A. Bosley,1046,2,4,,24B-1,Hat Is.,5/11/2019,700,5/11/2019,1000,160,,,,,,
5/11/2019,Everett Ramp,A. Bosley,1108,2,4,,26A-1,Hat Is.,5/11/2019,705,5/11/2019,930,160,,,,,,
5/11/2019,Everett Ramp,A. Bosley,1109,4,2,,26A-1,Hat Is.,5/11/2019,700,5/11/2019,1030,82,,,,,,
5/11/2019,Everett Ramp,A. Bosley,1110,2,4,,24B-3,Kayak County Park,5/11/2019,700,5/11/2019,1030,160,Yes,20,725,,,
5/11/2019,Everett Ramp,A. Bosley,1114,5,4,,24B-1,Camano Head,5/11/2019,700,5/11/2019,1030,400,,,,,,
5/11/2019,Everett Ramp,A. Bosley,1118,4,4,,24B-1,Camano Head,5/11/2019,700,5/11/2019,1000,320,,,,,,
5/11/2019,Everett Ramp,A. Bosley,1120,4,2,,26A-1,Hat Is.,5/11/2019,700,5/11/2019,1015,320,,,,,,
5/11/2019,Everett Ramp,A. Bosley,1124,4,4,,24C-3,Camano State Park,5/11/2019,700,5/11/2019,1000,320,No,20,360,,,
5/11/2019,Everett Ramp,A. Bosley,1127,1,3,,24B-1,Camano Head,5/11/2019,700,5/11/2019,1000,80,,,,,,
5/11/2019,Everett Ramp,A. Bosley,1135,2,4,,26A-9,Clinton,5/11/2019,700,5/11/2019,1030,57,,,,,,
5/11/2019,Everett Ramp,A. Bosley,1142,3,4,,26A-2,Oil Dock,5/11/2019,715,5/11/2019,1100,35,,,,,,
5/11/2019,Everett Ramp,A. Bosley,1145,3,4,,24B-1,Hat Is.,5/11/2019,700,5/11/2019,1030,230,No,20,300,,,
5/11/2019,Everett Ramp,A. Bosley,1151,3,4,,26A-1,Hat Is.,5/11/2019,745,5/11/2019,1100,240,,,,,,
5/11/2019,Everett Ramp,A. Bosley,1152,3,4,,24C-5,Langley,5/11/2019,700,5/11/2019,1130,240,,,,,,
5/11/2019,Everett Ramp,A. Bosley,1153,3,4,,26A-9,Clinton,5/11/2019,700,5/11/2019,1100,240,No,20,220,,,
5/11/2019,Everett Ramp,A. Bosley,1156,2,4,,24D-1,Baby Is.,5/11/2019,730,5/11/2019,1110,160,Yes,20,860,,,
5/11/2019,Everett Ramp,A. Bosley,1202,3,3,,26A-1,Hat Is.,5/11/2019,700,5/11/2019,1045,240,,,,,,
5/11/2019,Everett Ramp,A. Bosley,1204,2,4,,26A-1,Hat Is.,5/11/2019,700,5/11/2019,1030,160,,,,,,
5/11/2019,Everett Ramp,A. Bosley,1205,4,3,,26A-1,Hat Is.,5/11/2019,700,5/11/2019,1100,355,No,20,340,,,
5/11/2019,Everett Ramp,A. Bosley,1208,5,4,,26A-1,Hat Is.,5/11/2019,700,5/11/2019,1030,400,,,,,,
5/11/2019,Everett Ramp,A. Bosley,1209,2,4,1,26A-1,Hat Is.,5/11/2019,700,5/11/2019,1015,144,,,,,,
5/11/2019,Everett Ramp,A. Bosley,1213,4,4,,26A-1,Hat Is.,5/11/2019,710,5/11/2019,1130,320,,,,,,
5/11/2019,Everett Ramp,A. Bosley,1215,3,4,,24B-2,Camano Head,5/11/2019,700,5/11/2019,1100,237,No,20,240,,,
5/11/2019,Everett Ramp,A. Bosley,1218,3,2,,26A-9,Clinton,5/11/2019,700,5/11/2019,1130,150,,,,,,
5/11/2019,Everett Ramp,A. Bosley,1225,3,4,,26A-2,Mukilteo,5/11/2019,820,5/11/2019,1130,200,,,,,,
5/11/2019,Everett Ramp,A. Bosley,1238,5,2,,26A-1,Hat Is.,5/11/2019,700,5/11/2019,1200,274,,,,,,
5/11/2019,Everett Ramp,A. Bosley,1239,4,4,,26A-2,Mukilteo,5/11/2019,700,5/11/2019,1200,66,,,,,,
5/11/2019,Everett Ramp,A. Bosley,1246,6,4,,26A-2,Mukilteo,5/11/2019,705,5/11/2019,1145,454,Yes,20,600,,,
5/11/2019,Everett Ramp,A. Bosley,1250,4,4,,26A-9,Clinton,5/11/2019,700,5/11/2019,1230,320,,,,,,
5/11/2019,Everett Ramp,A. Bosley,1251,4,4,,26A-2,Oil Dock,5/11/2019,730,5/11/2019,1200,320,,,,,,
5/11/2019,Everett Ramp,A. Bosley,1254,4,4,,26A-1,Hat Is.,5/11/2019,700,5/11/2019,1230,317,,,,,,
5/11/2019,Everett Ramp,A. Bosley,1307,5,4,,26A-1,Hat Is.,5/11/2019,730,5/11/2019,1100,324,No,20,250,,,
5/11/2019,Everett Ramp,A. Bosley,1310,3,4,,26A-2,Oil Dock,5/11/2019,800,5/11/2019,1230,21,,,,,,
5/11/2019,Everett Ramp,A. Bosley,1315,3,2,,26A-1,Hat Is.,5/11/2019,800,5/11/2019,1230,106,,,,,,
5/11/2019,Everett Ramp,A. Bosley,1319,4,3,,26A-1,Hat Is.,5/11/2019,700,5/11/2019,1230,320,No,20,290,,,
5/11/2019,Everett Ramp,A. Bosley,1321,7,4,,24C-5,Langley,5/11/2019,700,5/11/2019,1230,447,,,,,,
5/11/2019,Everett Ramp,A. Bosley,1329,4,2,,26A-1,Hat Is.,5/11/2019,740,5/11/2019,1250,50,,,,,,
5/11/2019,Everett Ramp,A. Bosley,1330,4,4,,26A-1,Hat Is.,5/11/2019,710,5/11/2019,1245,320,,,,,,
5/11/2019,Everett Ramp,A. Bosley,1333,4,3,,26A-2,Mukilteo,5/11/2019,700,5/11/2019,1245,127,No,20,220,,,
5/11/2019,Everett Ramp,A. Bosley,1338,2,4,,24C-4,Camano Head,5/11/2019,700,5/11/2019,1200,160,,,,,,
5/11/2019,Everett Ramp,A. Bosley,1340,3,2,,26A-1,Hat Is.,5/11/2019,700,5/11/2019,1245,52,,,,,,
5/11/2019,Everett Ramp,A. Bosley,1341,3,3,,26A-1,Clinton,5/11/2019,700,5/11/2019,1300,177,,,,,,
5/11/2019,Everett Ramp,A. Bosley,1346,4,4,,26A-9,Columbia Beach,5/11/2019,700,5/11/2019,1230,320,,,,,,
5/11/2019,Everett Ramp,A. Bosley,1350,5,4,,26A-9,Clinton,5/11/2019,701,5/11/2019,930,400,,,,,,
5/11/2019,Everett Ramp,A. Bosley,1354,3,4,,26A-9,Clinton,5/11/2019,700,5/11/2019,1230,240,No,20,210,,,
5/11/2019,Everett Ramp,A. Bosley,1357,3,4,,24C-2,Onamac Pt.,5/11/2019,700,5/11/2019,1210,210,Yes,20,840,,,
5/11/2019,Everett Ramp,A. Bosley,1401,5,4,,24C-5,Langley,5/11/2019,701,5/11/2019,1250,400,,,,,,
5/11/2019,Everett Ramp,A. Bosley,1404,3,4,,26A-2,Harborview Park,5/11/2019,700,5/11/2019,1255,208,,,,,,
5/11/2019,Everett Ramp,Sue Kraemer,925,2,3,,26A-2,Mukilteo,5/11/2019,700,5/11/2019,842,160,,,,,,
5/11/2019,Everett Ramp,Sue Kraemer,928,2,4,,26A-9,Clinton,5/11/2019,700,5/11/2019,830,160,Yes,20,660,,,
5/11/2019,Everett Ramp,Sue Kraemer,940,3,4,1,26A-1,Hat Is.,5/11/2019,705,5/11/2019,900,151,Yes,20,800,,,
5/11/2019,Everett Ramp,Sue Kraemer,945,2,4,,26A-1,Hat Is.,5/11/2019,700,5/11/2019,840,160,,,,,,
5/11/2019,Everett Ramp,Sue Kraemer,949,2,4,,26A-1,Hat Is.,5/11/2019,700,5/11/2019,850,160,,,,,,
5/11/2019,Everett Ramp,Sue Kraemer,952,4,4,,26A-9,Clinton,5/11/2019,700,5/11/2019,830,320,Yes,20,560,,,
5/11/2019,Everett Ramp,Sue Kraemer,955,3,4,,26A-1,Hat Is.,5/11/2019,700,5/11/2019,830,240,,,,,,
5/11/2019,Everett Ramp,Sue Kraemer,958,3,3,,26A-1,Hat Is.,5/11/2019,700,5/11/2019,830,240,,,,,,
5/11/2019,Everett Ramp,Sue Kraemer,1004,3,2,,26A-9,Clinton,5/11/2019,700,5/11/2019,915,240,,,,,,
5/11/2019,Everett Ramp,Sue Kraemer,1006,6,4,,26A-2,Mukilteo,5/11/2019,700,5/11/2019,900,480,,,,,,
5/11/2019,Everett Ramp,Sue Kraemer,1008,4,4,,24B-1,Camano Head,5/11/2019,700,5/11/2019,947,320,Yes,20,750,,,
5/11/2019,Everett Ramp,Sue Kraemer,1022,5,4,,24C-5,Sandy Pt.,5/11/2019,700,5/11/2019,930,320,No,20,295,,,
5/11/2019,Everett Ramp,Sue Kraemer,1025,2,2,,26A-1,Hat Is.,5/11/2019,700,5/11/2019,930,160,Yes,20,670,,,
5/11/2019,Everett Ramp,Sue Kraemer,1030,4,4,,24C-5,Sandy Pt.,5/11/2019,700,5/11/2019,930,320,No,20,330,,,
5/11/2019,Everett Ramp,Sue Kraemer,1037,3,3,,26A-9,Clinton,5/11/2019,700,5/11/2019,950,240,Yes,20,575,,,
5/11/2019,Everett Ramp,Sue Kraemer,1042,4,4,,26A-9,Sandy Pt.,5/11/2019,720,5/11/2019,1000,320,No,20,275,,,
5/11/2019,Everett Ramp,Sue Kraemer,1044,4,4,,24B-1,Hat Is.,5/11/2019,700,5/11/2019,1030,320,No,20,310,,,
5/11/2019,Everett Ramp,Sue Kraemer,1047,3,3,,24C-5,Langley,5/11/2019,700,5/11/2019,1000,240,No,20,335,,,
5/11/2019,Everett Ramp,Sue Kraemer,1052,3,4,,24C-5,Sandy Pt.,5/11/2019,700,5/11/2019,945,240,,,,,,
5/11/2019,Everett Ramp,Sue Kraemer,1057,3,4,,26A-2,Howarth Park,5/11/2019,710,5/11/2019,1000,240,No,20,330,,,
5/11/2019,Everett Ramp,Sue Kraemer,1103,5,4,,26A-9,Sandy Pt.,5/11/2019,700,5/11/2019,1000,400,,,,,,
5/11/2019,Everett Ramp,Sue Kraemer,1107,2,4,,26A-9,Columbia Beach,5/11/2019,700,5/11/2019,1015,160,,,,,,
5/11/2019,Everett Ramp,Sue Kraemer,1110,5,4,,24C-5,Langley,5/11/2019,720,5/11/2019,1030,400,,,,,,
5/11/2019,Everett Ramp,Sue Kraemer,1111,4,3,,26A-1,Hat Is.,5/11/2019,700,5/11/2019,1030,218,,,,,,
5/11/2019,Everett Ramp,Sue Kraemer,1113,5,4,,26A-9,Columbia Beach,5/11/2019,700,5/11/2019,1015,400,Yes,20,630,,,
5/11/2019,Everett Ramp,Sue Kraemer,1117,3,4,,26A-2,Mukilteo,5/11/2019,704,5/11/2019,830,240,,,,,,
5/11/2019,Everett Ramp,Sue Kraemer,1125,4,4,,24C-5,Langley,5/11/2019,700,5/11/2019,1030,320,,,,,,
5/11/2019,Everett Ramp,Sue Kraemer,1126,2,4,,26A-2,Mukilteo,5/11/2019,700,5/11/2019,1100,150,,,,,,
5/11/2019,Everett Ramp,Sue Kraemer,1144,2,4,,26A-1,Hat Is.,5/11/2019,701,5/11/2019,1100,160,Yes,20,745,,,
5/11/2019,Everett Ramp,Sue Kraemer,1147,5,4,1,26A-2,Mukilteo,5/11/2019,700,5/11/2019,1120,393,Yes,20,660,,,
5/11/2019,Everett Ramp,Sue Kraemer,1155,5,4,,26A-2,Boeing Dock Mukilteo,5/11/2019,700,5/11/2019,1130,310,No,20,250,,,
5/11/2019,Everett Ramp,Sue Kraemer,1200,3,3,1,26A-1,Hat Is.,5/11/2019,700,5/11/2019,1045,100,,,,,,
5/11/2019,Everett Ramp,Sue Kraemer,1202,3,4,,26A-1,Hat Is.,5/11/2019,701,5/11/2019,1045,159,Yes,20,680,,,
5/11/2019,Everett Ramp,Sue Kraemer,1207,4,4,,26A-9,Clinton,5/11/2019,700,5/11/2019,1100,320,,,,,,
5/11/2019,Everett Ramp,Sue Kraemer,1210,5,4,,26A-2,Boeing Dock Mukilteo,5/11/2019,701,5/11/2019,1130,365,,,,,,
5/11/2019,Everett Ramp,Sue Kraemer,1217,3,4,,24B-1,Hat Is.,5/11/2019,720,5/11/2019,930,240,No,20,360,,,
5/11/2019,Everett Ramp,Sue Kraemer,1221,2,4,,26A-1,Hat Is.,5/11/2019,705,5/11/2019,1130,160,,,,,,
5/11/2019,Everett Ramp,Sue Kraemer,1224,4,4,,26A-1,Hat Is.,5/11/2019,730,5/11/2019,1140,320,Yes,20,640,,,
5/11/2019,Everett Ramp,Sue Kraemer,1228,1,1,,24B-1,Camano Head,5/11/2019,715,5/11/2019,1130,33,,,,,,
5/11/2019,Everett Ramp,Sue Kraemer,1230,4,4,,26A-1,Hat Is.,5/11/2019,905,5/11/2019,1200,160,,,,,,
5/11/2019,Everett Ramp,Sue Kraemer,1237,3,3,,26A-2,Howarth Park,5/11/2019,700,5/11/2019,1205,170,,,,,,
5/11/2019,Everett Ramp,Sue Kraemer,1245,4,3,,26A-9,Clinton,5/11/2019,705,5/11/2019,1145,84,,,,,,
5/11/2019,Everett Ramp,Sue Kraemer,1250,4,4,,24B-1,Camano Head,5/11/2019,715,5/11/2019,1145,208,,,,,,
5/11/2019,Everett Ramp,Sue Kraemer,1253,4,3,,26A-9,Possession Pt.,5/11/2019,700,5/11/2019,1130,140,Yes,20,670,,,
5/11/2019,Everett Ramp,Sue Kraemer,1259,3,3,,26A-2,Howarth Park,5/11/2019,745,5/11/2019,1145,210,,,,,,
5/11/2019,Everett Ramp,Sue Kraemer,1310,3,4,,26A-3,Shipwreck,5/11/2019,715,5/11/2019,1100,240,,,,,,
5/11/2019,Everett Ramp,Sue Kraemer,1312,3,4,,26A-3,Shipwreck,5/11/2019,700,5/11/2019,1230,70,,,,,,
5/11/2019,Everett Ramp,Sue Kraemer,1316,7,4,,26A-1,Hat Is.,5/11/2019,700,5/11/2019,1215,420,,,,,,
5/11/2019,Everett Ramp,Sue Kraemer,1321,4,4,,26A-1,Hat Is.,5/11/2019,700,5/11/2019,1245,305,,,,,,
5/11/2019,Everett Ramp,Sue Kraemer,1328,2,3,,26A-9,Sandy Pt.,5/11/2019,700,5/11/2019,900,160,,,,,,
5/11/2019,Everett Ramp,Sue Kraemer,1331,2,2,,24C-4,Camano Is.,5/11/2019,700,5/11/2019,1235,60,No,20,375,,,
5/11/2019,Everett Ramp,Sue Kraemer,1335,2,2,,26A-1,Hat Is.,5/11/2019,700,5/11/2019,1200,108,,,,,,
5/11/2019,Everett Ramp,Sue Kraemer,1342,4,4,,26A-9,Clinton,5/11/2019,702,5/11/2019,1250,320,,,,,,
5/11/2019,Everett Ramp,Sue Kraemer,1344,6,2,,26A-1,Hat Is.,5/11/2019,700,5/11/2019,1245,399,,,,,,
5/11/2019,Everett Ramp,Sue Kraemer,1348,4,4,2,26A-9,Sandy Pt.,5/11/2019,700,5/11/2019,1245,274,,,,,,
5/11/2019,Everett Ramp,Sue Kraemer,1350,3,4,,26A-3,Mukilteo,5/11/2019,700,5/11/2019,1300,185,,,,,,
5/11/2019,Everett Ramp,Sue Kraemer,1352,8,4,1,26A-1,Hat Is.,5/11/2019,730,5/11/2019,1245,640,,,,,,
5/11/2019,Everett Ramp,Sue Kraemer,1354,4,4,,26A-1,Hat Is.,5/11/2019,700,5/11/2019,1258,190,,,,,,
5/11/2019,Everett Ramp,Sue Kraemer,1356,4,3,,24B-3,Tulare Beach,5/11/2019,700,5/11/2019,1259,320,Yes,20,740,,,
5/11/2019,Everett Ramp,Sue Kraemer,1400,5,4,,24C-4,Camano Head,5/11/2019,700,5/11/2019,1300,400,,,,,,
5/11/2019,Everett Ramp,Sue Kraemer,1420,3,2,,24C-4,Camano Head,5/11/2019,830,5/11/2019,1255,131,No,20,360,,,
5/11/2019,Everett Ramp,Sue Kraemer,1425,1,2,,24B-3,Tulalip Shores,5/11/2019,700,5/11/2019,1130,12,,,,,,
5/11/2019,Everett Ramp,Kathy Young-Berg,943,2,4,,24C-5,Langley,5/11/2019,700,5/11/2019,830,160,No,20,420,,,
5/11/2019,Everett Ramp,Kathy Young-Berg,947,4,4,,24C-4,Camano Head,5/11/2019,703,5/11/2019,855,320,,,,,,
5/11/2019,Everett Ramp,Kathy Young-Berg,959,3,3,,26A-1,Hat Is.,5/11/2019,700,5/11/2019,800,240,Yes,20,865,,,
5/11/2019,Everett Ramp,Kathy Young-Berg,1017,1,2,,24B-1,Hat Is.,5/11/2019,700,5/11/2019,840,80,Yes,20,810,,,
5/11/2019,Everett Ramp,Kathy Young-Berg,1032,4,4,,24B-1,Hat Is.,5/11/2019,703,5/11/2019,1000,323,,,,,,
5/11/2019,Everett Ramp,Kathy Young-Berg,1038,4,4,,26A-9,Clinton,5/11/2019,700,5/11/2019,930,320,No,20,295,,,
5/11/2019,Everett Ramp,Kathy Young-Berg,1040,3,3,,24C-5,Langley,5/11/2019,700,5/11/2019,945,240,,,,,,
5/11/2019,Everett Ramp,Kathy Young-Berg,1043,2,2,,26A-1,Hat Is.,5/11/2019,700,5/11/2019,1000,156,,,,,,
5/11/2019,Everett Ramp,Kathy Young-Berg,1050,7,4,,24B-1,Hat Is.,5/11/2019,700,5/11/2019,945,560,,,,,,
5/11/2019,Everett Ramp,Kathy Young-Berg,1053,4,4,,26A-2,Mukilteo,5/11/2019,700,5/11/2019,920,320,No,20,320,,,
5/11/2019,Everett Ramp,Kathy Young-Berg,1057,5,4,,26A-1,Hat Is.,5/11/2019,700,5/11/2019,1015,400,No,20,300,,,
5/11/2019,Everett Ramp,Kathy Young-Berg,1104,2,4,,26A-3,Shipwreck,5/11/2019,700,5/11/2019,1000,160,No,20,225,,,
5/11/2019,Everett Ramp,Kathy Young-Berg,1107,1,2,,26A-9,Clinton,5/11/2019,745,5/11/2019,1000,80,Yes,20,726,,,
5/11/2019,Everett Ramp,Kathy Young-Berg,1114,4,4,,26A-1,Hat Is.,5/11/2019,745,5/11/2019,1015,320,,,,,,
5/11/2019,Everett Ramp,Kathy Young-Berg,1119,6,4,,26A-1,Hat Is.,5/11/2019,720,5/11/2019,1050,81,,,,,,
5/11/2019,Everett Ramp,Kathy Young-Berg,1120,4,3,,26A-1,Hat Is.,5/11/2019,705,5/11/2019,1030,320,,,,,,
5/11/2019,Everett Ramp,Kathy Young-Berg,1122,2,4,,26A-9,Possession Pt.,5/11/2019,700,5/11/2019,1015,160,Yes,20,890,,,
5/11/2019,Everett Ramp,Kathy Young-Berg,1125,3,4,,26A-1,Hat Is.,5/11/2019,700,5/11/2019,1100,240,No,20,400,,,
5/11/2019,Everett Ramp,Kathy Young-Berg,1130,4,4,,24C-4,Camano State Park,5/11/2019,700,5/11/2019,1000,320,Yes,20,840,,,
5/11/2019,Everett Ramp,Kathy Young-Berg,1136,2,3,,24D-1,Holmes Harbor,5/11/2019,700,5/11/2019,1040,151,,,,,,
5/11/2019,Everett Ramp,Kathy Young-Berg,1138,4,3,,24B-1,Camano Head,5/11/2019,700,5/11/2019,1030,320,,,,,,
5/11/2019,Everett Ramp,Kathy Young-Berg,1141,4,4,,26A-2,Mukilteo,5/11/2019,700,5/11/2019,1005,320,,,,,,
5/11/2019,Everett Ramp,Kathy Young-Berg,1144,3,3,,24C-5,Sandy Pt.,5/11/2019,700,5/11/2019,1030,110,No,20,390,,,
5/11/2019,Everett Ramp,Kathy Young-Berg,1147,8,4,,26A-1,Hat Is.,5/11/2019,700,5/11/2019,1100,616,,,,,,
5/11/2019,Everett Ramp,Kathy Young-Berg,1202,5,2,,24B-1,Hat Is.,5/11/2019,718,5/11/2019,1130,47,,,,,,
5/11/2019,Everett Ramp,Kathy Young-Berg,1203,4,3,,26A-1,Hat Is.,5/11/2019,700,5/11/2019,1050,320,No,20,400,,,
5/11/2019,Everett Ramp,Kathy Young-Berg,1206,1,2,,26A-1,Hat Is.,5/11/2019,900,5/11/2019,1030,80,,,,,,
5/11/2019,Everett Ramp,Kathy Young-Berg,1207,3,2,,26A-1,Hat Is.,5/11/2019,701,5/11/2019,1130,165,,,,,,
5/11/2019,Everett Ramp,Kathy Young-Berg,1212,6,4,,24C-5,Langley,5/11/2019,700,5/11/2019,1030,477,,,,,,
5/11/2019,Everett Ramp,Kathy Young-Berg,1215,2,4,,24C-5,Langley,5/11/2019,700,5/11/2019,1030,160,Yes,20,722,,,
5/11/2019,Everett Ramp,Kathy Young-Berg,1222,4,4,,26A-1,Hat Is.,5/11/2019,715,5/11/2019,1130,320,No,20,326,,,
5/11/2019,Everett Ramp,Kathy Young-Berg,1224,3,4,,26A-9,Clinton,5/11/2019,700,5/11/2019,1000,240,,,,,,
5/11/2019,Everett Ramp,Kathy Young-Berg,1230,4,3,,26A-1,Hat Is.,5/11/2019,710,5/11/2019,1030,282,,,,,,
5/11/2019,Everett Ramp,Kathy Young-Berg,1234,3,4,,24B-1,Hat Is.,5/11/2019,800,5/11/2019,1130,240,No,20,340,,,
5/11/2019,Everett Ramp,Kathy Young-Berg,1236,3,2,1,26A-1,Hat Is.,5/11/2019,830,5/11/2019,1200,0,,,,,,
5/11/2019,Everett Ramp,Kathy Young-Berg,1238,4,4,,26A-9,Clinton,5/11/2019,700,5/11/2019,1200,320,Yes,20,595,,,
5/11/2019,Everett Ramp,Kathy Young-Berg,1242,4,4,,24B-2,Camano Is.,5/11/2019,700,5/11/2019,1140,160,Yes,20,835,,,
5/11/2019,Everett Ramp,Kathy Young-Berg,1251,4,3,,26A-9,Clinton,5/11/2019,700,5/11/2019,1210,252,,,,,,
5/11/2019,Everett Ramp,Kathy Young-Berg,1252,3,2,,26A-3,Mukilteo,5/11/2019,700,5/11/2019,1200,240,,,,,,
5/11/2019,Everett Ramp,Kathy Young-Berg,1254,4,4,1,26A-2,Mukilteo,5/11/2019,700,5/11/2019,1230,3,,,,,,
5/11/2019,Everett Ramp,Kathy Young-Berg,1304,5,4,,26A-3,Shipwreck,5/11/2019,703,5/11/2019,1200,262,No,20,270,,,
5/11/2019,Everett Ramp,Kathy Young-Berg,1307,4,4,,26A-1,Hat Is.,5/11/2019,800,5/11/2019,1230,230,,,,,,
5/11/2019,Everett Ramp,Kathy Young-Berg,1308,6,2,,26A-2,Mukilteo,5/11/2019,700,5/11/2019,1230,50,,,,,,
5/11/2019,Everett Ramp,Kathy Young-Berg,1310,4,4,,26A-2,Mukilteo,5/11/2019,700,5/11/2019,1215,169,,,,,,
5/11/2019,Everett Ramp,Kathy Young-Berg,1312,2,2,,26A-9,Clinton,5/11/2019,700,5/11/2019,1200,39,,,,,,
5/11/2019,Everett Ramp,Kathy Young-Berg,1314,3,2,1,24B-1,Hat Is.,5/11/2019,830,5/11/2019,1207,90,Yes,20,870,,,
5/11/2019,Everett Ramp,Kathy Young-Berg,1315,2,2,,26A-1,Hat Is.,5/11/2019,700,5/11/2019,1245,160,,,,,,
5/11/2019,Everett Ramp,Kathy Young-Berg,1318,2,2,,26A-1,Hat Is.,5/11/2019,700,5/11/2019,1100,63,,,,,,
5/11/2019,Everett Ramp,Kathy Young-Berg,1322,3,4,1,26A-2,Mukilteo,5/11/2019,700,5/11/2019,1230,60,Yes,20,645,,,
5/11/2019,Everett Ramp,Kathy Young-Berg,1324,4,2,,26A-1,Hat Is.,5/11/2019,700,5/11/2019,1255,125,,,,,,
5/11/2019,Everett Ramp,Kathy Young-Berg,1327,5,4,,26A-9,Clinton,5/11/2019,700,5/11/2019,1230,151,No,20,268,,,
5/11/2019,Everett Ramp,Kathy Young-Berg,1331,2,2,,26A-1,Hat Is.,5/11/2019,700,5/11/2019,1245,160,,,,,,
5/11/2019,Everett Ramp,Kathy Young-Berg,1332,4,4,1,24B-1,Hat Is.,5/11/2019,700,5/11/2019,1240,77,,,,,,
5/11/2019,Everett Ramp,Kathy Young-Berg,1335,3,3,,26A-1,Hat Is.,5/11/2019,720,5/11/2019,1259,217,,,,,,
5/11/2019,Everett Ramp,Kathy Young-Berg,1336,8,4,,26A-1,Hat Is.,5/11/2019,720,5/11/2019,1200,150,,,,,,
5/11/2019,Everett Ramp,Kathy Young-Berg,1338,4,4,1,24B-1,Hat Is.,5/11/2019,701,5/11/2019,1245,123,,,,,,
5/11/2019,Everett Ramp,Kathy Young-Berg,1340,3,3,,24B-1,Hat Is.,5/11/2019,705,5/11/2019,1230,72,,,,,,
5/11/2019,Everett Ramp,Kathy Young-Berg,1341,3,4,,26A-2,Mukilteo,5/11/2019,700,5/11/2019,1245,113,No,20,385,,,
5/11/2019,Everett Ramp,Kathy Young-Berg,1343,4,4,,24C-5,Langley,5/11/2019,700,5/11/2019,1250,275,,,,,,
5/11/2019,Everett Ramp,Kathy Young-Berg,1347,6,4,,26A-9,Clinton,5/11/2019,707,5/11/2019,1230,480,No,20,465,,,
5/11/2019,Everett Ramp,Kathy Young-Berg,1352,2,2,,26A-1,Hat Is.,5/11/2019,915,5/11/2019,1235,160,,,,,,
5/11/2019,Everett Ramp,Kathy Young-Berg,1357,7,4,1,26A-1,Hat Is.,5/11/2019,700,5/11/2019,1100,513,,,,,,
5/11/2019,Everett Ramp,Kathy Young-Berg,1402,4,4,,26A-1,Hat Is.,5/11/2019,700,5/11/2019,1230,180,No,20,340,,,
5/11/2019,Everett Ramp,Kathy Young-Berg,1420,9,4,,26A-1,Hat Is.,5/11/2019,708,5/11/2019,1235,400,Yes,20,630,,,
5/11/2019,Everett Ramp,Kathy Young-Berg,1436,3,3,,26A-9,Sandy Pt.,5/11/2019,700,5/11/2019,1255,240,Yes,20,665,,,
5/15/2019,Camano Island SP Ramp,George Peterson,922,2,4,,24C-3,Onamac Pt.,5/15/2019,700,5/15/2019,900,76,No,20,329,,,
5/15/2019,Camano Island SP Ramp,George Peterson,932,2,4,,24C-3,Onamac Pt.,5/15/2019,700,5/15/2019,845,176,No,,,,,
5/15/2019,Camano Island SP Ramp,George Peterson,937,4,3,,24C-3,Baby Is.,5/15/2019,705,5/15/2019,910,221,No,20,331,,,
5/15/2019,Camano Island SP Ramp,George Peterson,943,3,4,,24C-3,Cama Beach,5/15/2019,700,5/15/2019,920,240,No,20,385,,,
5/15/2019,Camano Island SP Ramp,George Peterson,1001,4,4,,24C-3,Onamac Pt.,5/15/2019,700,5/15/2019,930,320,No,20,402,,,
5/15/2019,Camano Island SP Ramp,George Peterson,1004,3,4,,24C-2,Indian Beach,5/15/2019,730,5/15/2019,930,180,No,,,,,
5/15/2019,Camano Island SP Ramp,George Peterson,1011,3,3,,24C-2,Camano Head,5/15/2019,700,5/15/2019,945,240,Yes,20,765,,,
5/15/2019,Camano Island SP Ramp,George Peterson,1019,3,3,1,24C-4,Elger Bay,5/15/2019,700,5/15/2019,930,240,Yes,20,916,,,Bigger shrimp than last year 
5/15/2019,Camano Island SP Ramp,George Peterson,1031,2,2,,24C-5,Langley,5/15/2019,700,5/15/2019,930,160,No,,,,,
5/15/2019,Camano Island SP Ramp,George Peterson,1035,4,4,,24C-3,Onamac Pt.,5/15/2019,700,5/15/2019,1000,320,No,,,2,,"1 pink, 1 coonstripe"
5/15/2019,Camano Island SP Ramp,George Peterson,1042,1,2,,24C-3,Cama Beach,5/15/2019,700,5/15/2019,1015,78,No,20,378,5,44,
5/15/2019,Camano Island SP Ramp,George Peterson,1106,2,4,,24C-3,Cama Beach,5/15/2019,715,5/15/2019,1030,160,Yes,20,951,,,
5/15/2019,Camano Island SP Ramp,George Peterson,1110,2,4,,24C-3,Cama Beach,5/15/2019,700,5/15/2019,1030,160,No,,,,,
5/15/2019,Camano Island SP Ramp,George Peterson,1114,3,3,,24C-3,Cama Beach,5/15/2019,700,5/15/2019,1045,164,Yes,,,3,60,
5/15/2019,Camano Island SP Ramp,George Peterson,1118,4,3,,24C-4,Elger Bay,5/15/2019,730,5/15/2019,1030,320,Yes,,,,,
5/15/2019,Camano Island SP Ramp,George Peterson,1122,5,4,,24C-3,Onamac Pt.,5/15/2019,700,5/15/2019,1020,400,No,21,396,,,
5/15/2019,Camano Island SP Ramp,George Peterson,1128,2,4,,24C-3,Onamac Pt.,5/15/2019,700,5/15/2019,1030,160,No,,,,,
5/15/2019,Camano Island SP Ramp,George Peterson,1131,4,3,,24C-5,Langley,5/15/2019,700,5/15/2019,1045,137,No,,,,,
5/15/2019,Camano Island SP Ramp,George Peterson,1134,2,1,,26A-1,Camano Head,5/15/2019,705,5/15/2019,1030,156,Yes,20,816,,,
5/15/2019,Camano Island SP Ramp,George Peterson,1138,1,2,,24C-3,Onamac Pt.,5/15/2019,730,5/15/2019,1045,0,,,,,,
5/15/2019,Camano Island SP Ramp,George Peterson,1141,5,4,,24C-3,Onamac Pt.,5/15/2019,700,5/15/2019,1100,400,Yes,,,,,
5/15/2019,Camano Island SP Ramp,George Peterson,1200,4,4,,24C-3,Onamac Pt.,5/15/2019,700,5/15/2019,1058,274,Yes,,,,,
5/15/2019,Camano Island SP Ramp,George Peterson,1216,2,2,,24C-2,Onamac Pt.,5/15/2019,700,5/15/2019,1045,160,No,,,,,
5/15/2019,Camano Island SP Ramp,George Peterson,1218,4,4,,24C-5,Baby Is.,5/15/2019,701,5/15/2019,1100,187,Yes,20,846,,,
5/15/2019,Camano Island SP Ramp,George Peterson,1226,3,2,,24C-3,,5/15/2019,700,5/15/2019,1200,184,Yes,,,,,
5/15/2019,Camano Island SP Ramp,George Peterson,1230,4,4,,24C-4,Elger Bay,5/15/2019,700,5/15/2019,1030,320,No,,,,,
5/15/2019,Camano Island SP Ramp,George Peterson,1232,2,2,2,24C-4,Elger Bay,5/15/2019,800,5/15/2019,1130,24,No,,,,,
5/15/2019,Camano Island SP Ramp,George Peterson,1235,4,4,,24C-3,Onamac Pt.,5/15/2019,700,5/15/2019,1215,246,Yes,,,,,
5/15/2019,Camano Island SP Ramp,George Peterson,1245,2,4,,24C-3,Onamac Pt.,5/15/2019,700,5/15/2019,1220,160,No,,,,,
5/15/2019,Camano Island SP Ramp,George Peterson,1248,1,2,,24C-4,Elger Bay,5/15/2019,900,5/15/2019,1220,78,No,,,,,
5/15/2019,Camano Island SP Ramp,George Peterson,1255,6,4,,24C-5,Baby Is.,5/15/2019,700,5/15/2019,1230,400,No,,,,,
5/15/2019,Camano Island SP Ramp,George Peterson,1303,2,2,,24C-3,Onamac Pt.,5/15/2019,730,5/15/2019,1240,100,Yes,20,699,3,44,"3 coon stripe, heads on"
5/15/2019,Camano Island SP Ramp,George Peterson,1308,4,4,,24C-5,Baby Is.,5/15/2019,700,5/15/2019,1245,219,Yes,,,,,
5/15/2019,Camano Island SP Ramp,George Peterson,1311,4,4,,24C-3,Onamac Pt.,5/15/2019,700,5/15/2019,1245,202,No,20,320,,,
5/15/2019,Camano Island SP Ramp,George Peterson,1315,4,4,,24C-3,Cama Beach,5/15/2019,700,5/15/2019,1230,320,Yes,,,,,
5/15/2019,Camano Island SP Ramp,George Peterson,1319,3,3,,24C-4,,5/15/2019,700,5/15/2019,1250,240,Yes,20,906,,,
5/15/2019,Camano Island SP Ramp,George Peterson,1322,4,4,,24C-4,,5/15/2019,702,5/15/2019,1200,320,No,,,,,
5/15/2019,Camano Island SP Ramp,George Peterson,1326,2,4,1,24C-2,Indian Beach,5/15/2019,700,5/15/2019,1245,100,Yes,,,12,102,"4 hyp, 8 coon"
5/15/2019,Camano Island SP Ramp,George Peterson,1337,3,3,,24C-4,Pebble Beach,5/15/2019,1025,5/15/2019,1240,7,Yes,,,,,
5/15/2019,Camano Island SP Ramp,George Peterson,1340,4,4,,24C-4,,5/15/2019,800,5/15/2019,1246,320,No,,,,,
5/15/2019,Camano Island SP Ramp,George Peterson,1345,2,4,,24C-4,Elger Bay,5/15/2019,730,5/15/2019,1257,145,No,,,,,
5/15/2019,Camano Island SP Ramp,George Peterson,1401,2,4,,24C-3,,5/15/2019,700,5/15/2019,1300,80,No,,,3,,
5/15/2019,Edmonds Marina,Jeff McKee,1047,2,2,,24C-5,Baby Is.,5/15/2019,700,5/15/2019,950,142,,,,,,
5/15/2019,Everett Ramp,Sue Kraemer,915,2,3,,26A-1,Hat Is.,5/15/2019,700,5/15/2019,830,160,Yes,20,750,,,
5/15/2019,Everett Ramp,Sue Kraemer,937,4,4,,26A-1,Hat Is.,5/15/2019,700,5/15/2019,855,320,,,,,,
5/15/2019,Everett Ramp,Sue Kraemer,948,4,4,,24C-5,Langley,5/15/2019,700,5/15/2019,900,320,No,20,290,,,
5/15/2019,Everett Ramp,Sue Kraemer,952,3,4,,26A-2,Boeing Dock Mukilteo,5/15/2019,700,5/15/2019,900,240,No,20,230,,,
5/15/2019,Everett Ramp,Sue Kraemer,956,2,3,,26A-2,Boeing Dock Mukilteo,5/15/2019,730,5/15/2019,900,160,,,,,,
5/15/2019,Everett Ramp,Sue Kraemer,1018,4,4,,26A-9,Sandy Pt.,5/15/2019,700,5/15/2019,900,320,No,20,270,,,
5/15/2019,Everett Ramp,Sue Kraemer,1030,2,4,,26A-2,Mukilteo,5/15/2019,710,5/15/2019,900,10,,,,,,
5/15/2019,Everett Ramp,Sue Kraemer,1035,3,4,1,26A-9,Sandy Pt.,5/15/2019,705,5/15/2019,930,240,,,,,,
5/15/2019,Everett Ramp,Sue Kraemer,1037,2,4,,26A-1,Hat Is.,5/15/2019,715,5/15/2019,1015,160,,,,,,
5/15/2019,Everett Ramp,Sue Kraemer,1047,4,4,,26A-9,Clinton,5/15/2019,700,5/15/2019,1000,320,,,,,,
5/15/2019,Everett Ramp,Sue Kraemer,1050,3,4,,24C-5,Sandy Pt.,5/15/2019,700,5/15/2019,930,240,No,20,315,,,
5/15/2019,Everett Ramp,Sue Kraemer,1057,3,4,,26A-2,Boeing Dock Mukilteo,5/15/2019,745,5/15/2019,1030,233,,,,,,
5/15/2019,Everett Ramp,Sue Kraemer,1059,2,3,,26A-9,Clinton,5/15/2019,700,5/15/2019,945,160,Yes,20,580,,,
5/15/2019,Everett Ramp,Sue Kraemer,1101,3,4,,26A-2,Boeing Dock Mukilteo,5/15/2019,701,5/15/2019,1010,240,,,,,,
5/15/2019,Everett Ramp,Sue Kraemer,1106,2,2,,26A-9,Sandy Pt.,5/15/2019,930,5/15/2019,1015,160,,,,,,
5/15/2019,Everett Ramp,Sue Kraemer,1110,4,4,,26A-9,Clinton,5/15/2019,700,5/15/2019,1030,320,,,,,,
5/15/2019,Everett Ramp,Sue Kraemer,1117,2,3,,24C-5,Langley,5/15/2019,700,5/15/2019,1015,160,No,20,320,,,
5/15/2019,Everett Ramp,Sue Kraemer,1125,4,4,,26A-1,Hat Is.,5/15/2019,700,5/15/2019,1100,320,,,,,,
5/15/2019,Everett Ramp,Sue Kraemer,1130,3,3,,24C-5,Langley,5/15/2019,701,5/15/2019,1030,240,,,,,,
5/15/2019,Everett Ramp,Sue Kraemer,1135,2,3,,26A-1,Hat Is.,5/15/2019,700,5/15/2019,1030,160,,,,,,
5/15/2019,Everett Ramp,Sue Kraemer,1143,5,4,,24B-1,Hat Is.,5/15/2019,700,5/15/2019,1130,400,No,20,300,,,
5/15/2019,Everett Ramp,Sue Kraemer,1151,2,4,,24C-6,Snatelum,5/15/2019,700,5/15/2019,930,160,No,20,550,,,
5/15/2019,Everett Ramp,Sue Kraemer,1156,3,4,,26A-9,Sandy Pt.,5/15/2019,700,5/15/2019,1030,240,,,,,,
5/15/2019,Everett Ramp,Sue Kraemer,1207,4,4,,24C-5,Langley,5/15/2019,700,5/15/2019,1100,320,No,20,285,,,
5/15/2019,Everett Ramp,Sue Kraemer,1210,2,2,,26A-9,Clinton,5/15/2019,930,5/15/2019,1130,158,Yes,20,680,,,
5/15/2019,Everett Ramp,Sue Kraemer,1214,4,4,,26A-9,Clinton,5/15/2019,705,5/15/2019,1130,320,,,,,,
5/15/2019,Everett Ramp,Sue Kraemer,1220,2,4,,26A-2,Mukilteo,5/15/2019,730,5/15/2019,1120,160,,,,,,
5/15/2019,Everett Ramp,Sue Kraemer,1223,2,4,,24B-2,Camano Head,5/15/2019,700,5/15/2019,1130,101,No,20,320,,,
5/15/2019,Everett Ramp,Sue Kraemer,1228,3,4,,26A-1,Hat Is.,5/15/2019,700,5/15/2019,1210,37,,,,,,
5/15/2019,Everett Ramp,Sue Kraemer,1237,3,4,,26A-1,Hat Is.,5/15/2019,702,5/15/2019,1130,240,Yes,20,740,,,
5/15/2019,Everett Ramp,Sue Kraemer,1252,2,2,,26A-1,Hat Is.,5/15/2019,1100,5/15/2019,1215,31,,,,,,
5/15/2019,Everett Ramp,Sue Kraemer,1254,5,4,,24C-5,Langley,5/15/2019,705,5/15/2019,1130,400,,,,,,
5/15/2019,Everett Ramp,Sue Kraemer,1256,2,4,,26A-2,Mukilteo,5/15/2019,700,5/15/2019,1230,45,,,,,,
5/15/2019,Everett Ramp,Sue Kraemer,1301,5,4,,26A-2,Mukilteo,5/15/2019,705,5/15/2019,1230,228,,,,,,
5/15/2019,Everett Ramp,Sue Kraemer,1304,5,4,,24B-1,Hat Is.,5/15/2019,700,5/15/2019,1240,300,,,,,,
5/15/2019,Everett Ramp,Sue Kraemer,1315,6,4,,26A-1,Hat Is.,5/15/2019,700,5/15/2019,1230,188,No,20,350,,,
5/15/2019,Everett Ramp,Sue Kraemer,1318,2,4,,26A-2,Mukilteo,5/15/2019,700,5/15/2019,1245,120,,,,,,
5/15/2019,Everett Ramp,Sue Kraemer,1323,3,4,,26A-1,Hat Is.,5/15/2019,700,5/15/2019,1255,224,,,,,,
5/15/2019,Everett Ramp,Sue Kraemer,1326,2,2,,24C-5,Langley,5/15/2019,700,5/15/2019,820,160,,,,,,
5/15/2019,Everett Ramp,Sue Kraemer,1329,3,4,,26A-1,Hat Is.,5/15/2019,815,5/15/2019,1040,161,,,,,,
5/15/2019,Everett Ramp,Sue Kraemer,1331,2,3,,26A-1,Hat Is.,5/15/2019,800,5/15/2019,1230,64,,,,,,
5/15/2019,Everett Ramp,Sue Kraemer,1334,4,4,,24C-5,Baby Is.,5/15/2019,700,5/15/2019,1200,203,No,20,365,,,
5/15/2019,Everett Ramp,Sue Kraemer,1348,3,2,,24B-1,East Racetrack,5/15/2019,800,5/15/2019,1245,172,Yes,20,800,,,
5/15/2019,Everett Ramp,Sue Kraemer,1356,4,3,,26A-3,Mukilteo,5/15/2019,1000,5/15/2019,1250,126,,,,,,
5/15/2019,Everett Ramp,Sue Kraemer,1410,4,4,,26A-2,Mukilteo,5/15/2019,700,5/15/2019,1300,205,Yes,20,610,,,
5/15/2019,Everett Ramp,Sue Kraemer,1415,6,4,,24C-5,Langley,5/15/2019,700,5/15/2019,1242,480,,,,,,
5/15/2019,Everett Ramp,A. Bosley,858,1,2,,24B-1,Hat Is.,5/15/2019,700,5/15/2019,800,35,Yes,20,790,,,
5/15/2019,Everett Ramp,A. Bosley,941,3,4,,26A-9,Sandy Pt.,5/15/2019,700,5/15/2019,815,240,,,,,,
5/15/2019,Everett Ramp,A. Bosley,944,2,2,,26A-1,Hat Is.,5/15/2019,700,5/15/2019,830,156,,,,,,
5/15/2019,Everett Ramp,A. Bosley,952,2,4,,24B-1,Hat Is.,5/15/2019,700,5/15/2019,845,160,,,,,,
5/15/2019,Everett Ramp,A. Bosley,1008,3,4,,26A-9,Clinton,5/15/2019,700,5/15/2019,930,240,,,,,,
5/15/2019,Everett Ramp,A. Bosley,1015,2,3,,26A-1,Hat Is.,5/15/2019,730,5/15/2019,945,160,,,,,,
5/15/2019,Everett Ramp,A. Bosley,1016,1,2,,24B-1,Hat Is.,5/15/2019,708,5/15/2019,900,80,,,,,,
5/15/2019,Everett Ramp,A. Bosley,1018,3,2,1,26A-1,Hat Is.,5/15/2019,700,5/15/2019,845,0,,,,,,
5/15/2019,Everett Ramp,A. Bosley,1026,2,4,,26A-2,Oil Dock,5/15/2019,700,5/15/2019,1000,160,,,,,,
5/15/2019,Everett Ramp,A. Bosley,1039,5,4,,26A-9,Clinton,5/15/2019,700,5/15/2019,1000,400,,,,,,
5/15/2019,Everett Ramp,A. Bosley,1043,4,4,,26A-1,Hat Is.,5/15/2019,700,5/15/2019,1000,320,Yes,20,780,,,
5/15/2019,Everett Ramp,A. Bosley,1047,2,4,,26A-2,Mukilteo,5/15/2019,700,5/15/2019,1000,160,,,,,,
5/15/2019,Everett Ramp,A. Bosley,1055,2,4,,26A-1,Hat Is.,5/15/2019,700,5/15/2019,1030,60,,,,,,
5/15/2019,Everett Ramp,A. Bosley,1100,2,3,,24B-1,Camano Head,5/15/2019,700,5/15/2019,1030,128,,,,,,
5/15/2019,Everett Ramp,A. Bosley,1106,3,4,,26A-9,Clinton,5/15/2019,700,5/15/2019,1015,240,No,20,220,,,
5/15/2019,Everett Ramp,A. Bosley,1122,1,1,,26A-1,Hat Is.,5/15/2019,800,5/15/2019,1100,5,,,,,,
5/15/2019,Everett Ramp,A. Bosley,1125,3,4,,26A-1,Hat Is.,5/15/2019,700,5/15/2019,1000,240,,,,,,
5/15/2019,Everett Ramp,A. Bosley,1126,2,4,,24B-3,Kayak Count Park,5/15/2019,705,5/15/2019,1015,160,Yes,20,800,,,
5/15/2019,Everett Ramp,A. Bosley,1132,3,2,,26A-2,Oil Dock,5/15/2019,745,5/15/2019,1100,103,,,,,,
5/15/2019,Everett Ramp,A. Bosley,1137,5,3,,26A-9,Sandy Pt.,5/15/2019,700,5/15/2019,1030,400,,,,,,
5/15/2019,Everett Ramp,A. Bosley,1140,2,4,,24C-3,Camano Head,5/15/2019,700,5/15/2019,1000,160,No,20,360,,,
5/15/2019,Everett Ramp,A. Bosley,1143,4,3,,24C-5,Langley,5/15/2019,700,5/15/2019,1030,320,No,20,320,,,
5/15/2019,Everett Ramp,A. Bosley,1147,3,3,,26A-1,Hat Is.,5/15/2019,700,5/15/2019,1000,240,,,,,,
5/15/2019,Everett Ramp,A. Bosley,1158,2,4,,26A-1,Hat Is.,5/15/2019,730,5/15/2019,1100,150,,,,,,
5/15/2019,Everett Ramp,A. Bosley,1159,3,2,,26A-2,Oil Dock,5/15/2019,830,5/15/2019,1130,30,,,,,,
5/15/2019,Everett Ramp,A. Bosley,1201,2,4,,24B-1,Hat Is.,5/15/2019,1000,5/15/2019,1130,160,,,,,,
5/15/2019,Everett Ramp,A. Bosley,1207,3,4,,24C-4,Alger Bay,5/15/2019,700,5/15/2019,1000,240,Yes,20,940,,,
5/15/2019,Everett Ramp,A. Bosley,1211,2,4,,24B-1,Hat Is.,5/15/2019,705,5/15/2019,1130,160,,,,,,
5/15/2019,Everett Ramp,A. Bosley,1221,5,4,,24C-5,Langley,5/15/2019,705,5/15/2019,1100,389,,,,,,
5/15/2019,Everett Ramp,A. Bosley,1222,2,3,,26A-1,Hat Is.,5/15/2019,700,5/15/2019,1130,160,,,,,,
5/15/2019,Everett Ramp,A. Bosley,1224,5,4,,24C-5,Langley,5/15/2019,700,5/15/2019,1115,400,Yes,20,740,,,
5/15/2019,Everett Ramp,A. Bosley,1235,4,4,,26A-3,Mukilteo,5/15/2019,700,5/15/2019,1130,320,,,,,,
5/15/2019,Everett Ramp,A. Bosley,1237,3,4,,26A-9,Clinton,5/15/2019,700,5/15/2019,1130,0,,,,,,
5/15/2019,Everett Ramp,A. Bosley,1238,2,2,,26A-1,Hat Is.,5/15/2019,700,5/15/2019,1130,160,,,,,,
5/15/2019,Everett Ramp,A. Bosley,1244,3,1,,26A-1,Hat Is.,5/15/2019,730,5/15/2019,1200,160,,,,,,
5/15/2019,Everett Ramp,A. Bosley,1245,3,3,,24C-5,Langley,5/15/2019,700,5/15/2019,1100,136,No,20,300,,,
5/15/2019,Everett Ramp,A. Bosley,1247,5,2,,26A-1,Hat Is.,5/15/2019,720,5/15/2019,1215,400,,,,,,
5/15/2019,Everett Ramp,A. Bosley,1250,2,3,1,26A-2,Mukilteo,5/15/2019,705,5/15/2019,1200,114,,,,,,
5/15/2019,Everett Ramp,A. Bosley,1252,6,3,,26A-2,Mukilteo,5/15/2019,700,5/15/2019,1230,406,,,,,,
5/15/2019,Everett Ramp,A. Bosley,1253,3,4,,26A-1,Hat Is.,5/15/2019,830,5/15/2019,1230,240,,,,,,
5/15/2019,Everett Ramp,A. Bosley,1310,2,2,,26A-1,Hat Is.,5/15/2019,800,5/15/2019,1200,5,,,,,,
5/15/2019,Everett Ramp,A. Bosley,1314,3,4,,26A-3,Cannery,5/15/2019,700,5/15/2019,1030,240,No,20,230,,,
5/15/2019,Everett Ramp,A. Bosley,1319,5,4,1,26A-9,Clinton,5/15/2019,700,5/15/2019,1240,128,,,,,,
5/15/2019,Everett Ramp,A. Bosley,1322,2,2,,26A-1,Hat Is.,5/15/2019,846,5/15/2019,1240,22,,,,,,
5/15/2019,Everett Ramp,A. Bosley,1327,5,4,,26A-1,Hat Is.,5/15/2019,730,5/15/2019,1245,160,,,,,,
5/15/2019,Everett Ramp,A. Bosley,1328,2,2,,24C-4,Camano Head,5/15/2019,700,5/15/2019,1230,107,No,20,320,,,
5/15/2019,Everett Ramp,A. Bosley,1340,2,2,,26A-9,Clinton,5/15/2019,930,5/15/2019,1245,80,,,,,,
5/15/2019,Everett Ramp,A. Bosley,1349,4,4,,26A-9,Clinton,5/15/2019,700,5/15/2019,1300,172,,,,,,
5/15/2019,Everett Ramp,A. Bosley,1350,2,4,,26A-1,Hat Is.,5/15/2019,700,5/15/2019,1300,188,,,,,,
5/15/2019,Everett Ramp,A. Bosley,1355,3,4,,26A-2,Oil Dock,5/15/2019,710,5/15/2019,1253,240,,,,,,
5/15/2019,Everett Ramp,A. Bosley,1401,3,4,,26A-2,Oil Dock,5/15/2019,700,5/15/2019,1300,133,,,,,,
5/15/2019,Everett Ramp,Kathy Young Berg,908,2,4,,26A-1,Hat Is.,5/15/2019,700,5/15/2019,830,160,No,20,300,,,
5/15/2019,Everett Ramp,Kathy Young Berg,932,1,2,,26A-2,Mukilteo,5/15/2019,730,5/15/2019,900,50,Yes,20,590,,,
5/15/2019,Everett Ramp,Kathy Young Berg,937,3,4,,24C-5,Langley,5/15/2019,700,5/15/2019,830,240,No,20,320,,,
5/15/2019,Everett Ramp,Kathy Young Berg,945,2,4,,26A-1,Hat Is.,5/15/2019,700,5/15/2019,845,160,,,,,,
5/15/2019,Everett Ramp,Kathy Young Berg,949,3,4,,24B-1,Hat Is.,5/15/2019,700,5/15/2019,830,240,,,,,,
5/15/2019,Everett Ramp,Kathy Young Berg,953,2,2,,26A-9,Clinton,5/15/2019,705,5/15/2019,900,160,No,20,345,,,
5/15/2019,Everett Ramp,Kathy Young Berg,957,3,4,,26A-2,Mukilteo,5/15/2019,700,5/15/2019,902,240,No,20,290,,,
5/15/2019,Everett Ramp,Kathy Young Berg,1000,2,2,,26A-1,Hat Is.,5/15/2019,800,5/15/2019,930,100,,,,,,
5/15/2019,Everett Ramp,Kathy Young Berg,1015,2,3,,26A-1,Hat Is.,5/15/2019,700,5/15/2019,900,160,No,20,320,,,
5/15/2019,Everett Ramp,Kathy Young Berg,1020,3,4,,24C-5,Langley,5/15/2019,705,5/15/2019,932,234,No,20,340,,,
5/15/2019,Everett Ramp,Kathy Young Berg,1024,4,4,,26A-1,Hat Is.,5/15/2019,700,5/15/2019,930,320,No,20,290,,,
5/15/2019,Everett Ramp,Kathy Young Berg,1031,2,4,,26A-1,Hat Is.,5/15/2019,700,5/15/2019,900,160,No,20,300,,,
5/15/2019,Everett Ramp,Kathy Young Berg,1042,3,4,,26A-9,Clinton,5/15/2019,700,5/15/2019,1000,240,,,,,,
5/15/2019,Everett Ramp,Kathy Young Berg,1043,4,4,,26A-3,Shipwreck,5/15/2019,705,5/15/2019,900,320,,,,,,
5/15/2019,Everett Ramp,Kathy Young Berg,1044,4,4,,26A-1,Hat Is.,5/15/2019,700,5/15/2019,940,320,,,,,,
5/15/2019,Everett Ramp,Kathy Young Berg,1058,6,4,,24C-5,Langley,5/15/2019,700,5/15/2019,1000,480,No,20,330,,,
5/15/2019,Everett Ramp,Kathy Young Berg,1101,2,3,,26A-1,Hat Is.,5/15/2019,800,5/15/2019,1015,32,,,,,,
5/15/2019,Everett Ramp,Kathy Young Berg,1102,3,4,,26A-9,Clinton,5/15/2019,715,5/15/2019,1020,240,No,20,240,,,
5/15/2019,Everett Ramp,Kathy Young Berg,1106,5,4,,26A-1,Hat Is.,5/15/2019,715,5/15/2019,950,400,,,,,,
5/15/2019,Everett Ramp,Kathy Young Berg,1109,2,4,,26A-2,Mukilteo,5/15/2019,700,5/15/2019,1000,160,,,,,,
5/15/2019,Everett Ramp,Kathy Young Berg,1114,2,2,,26A-9,Clinton,5/15/2019,700,5/15/2019,930,160,,,,,,
5/15/2019,Everett Ramp,Kathy Young Berg,1121,5,4,,26A-2,Pigeon Creek,5/15/2019,700,5/15/2019,1015,400,No,20,320,,,
5/15/2019,Everett Ramp,Kathy Young Berg,1126,3,4,,24B-1,Camano Head,5/15/2019,720,5/15/2019,1050,240,No,20,320,,,
5/15/2019,Everett Ramp,Kathy Young Berg,1127,3,3,,26A-9,Possession Pt.,5/15/2019,710,5/15/2019,1050,0,,,,,,
5/15/2019,Everett Ramp,Kathy Young Berg,1132,2,2,,24B-1,Hat Is.,5/15/2019,705,5/15/2019,1100,160,,,,,,
5/15/2019,Everett Ramp,Kathy Young Berg,1133,2,2,,26A-9,Clinton,5/15/2019,715,5/15/2019,1100,86,,,,,,
5/15/2019,Everett Ramp,Kathy Young Berg,1136,4,3,,26A-2,Mukilteo,5/15/2019,730,5/15/2019,1100,320,,,,,,
5/15/2019,Everett Ramp,Kathy Young Berg,1150,2,4,,26A-1,Hat Is.,5/15/2019,700,5/15/2019,1130,86,,,,,,
5/15/2019,Everett Ramp,Kathy Young Berg,1157,2,3,,24B-1,Hat Is.,5/15/2019,700,5/15/2019,1100,76,,,,,,
5/15/2019,Everett Ramp,Kathy Young Berg,1158,3,4,,24C-5,Langley,5/15/2019,700,5/15/2019,1030,240,,,,,,
5/15/2019,Everett Ramp,Kathy Young Berg,1210,3,4,,24B-1,Hat Is.,5/15/2019,800,5/15/2019,1101,240,Yes,20,740,,,
5/15/2019,Everett Ramp,Kathy Young Berg,1213,4,4,,26A-9,Clinton,5/15/2019,705,5/15/2019,1130,320,,,,,,
5/15/2019,Everett Ramp,Kathy Young Berg,1221,2,4,,24C-5,Sandy Pt.,5/15/2019,700,5/15/2019,1130,84,No,20,260,,,
5/15/2019,Everett Ramp,Kathy Young Berg,1226,2,4,1,26A-1,Hat Is.,5/15/2019,830,5/15/2019,1130,142,,,,,,
5/15/2019,Everett Ramp,Kathy Young Berg,1228,2,2,,26A-1,Hat Is.,5/15/2019,900,5/15/2019,1100,50,,,,,,
5/15/2019,Everett Ramp,Kathy Young Berg,1232,2,3,,26A-1,Hat Is.,5/15/2019,700,5/15/2019,1200,9,,,,,,
5/15/2019,Everett Ramp,Kathy Young Berg,1236,5,4,,24A-5,Hat Is.,5/15/2019,700,5/15/2019,1100,480,,,,,,
5/15/2019,Everett Ramp,Kathy Young Berg,1238,2,,,26A-1,Hat Is.,5/15/2019,730,5/15/2019,1200,29,,,,,,Missing number of pots fished.
5/15/2019,Everett Ramp,Kathy Young Berg,1245,4,4,,26A-1,Hat Is.,5/15/2019,830,5/15/2019,1200,40,,,,,,
5/15/2019,Everett Ramp,Kathy Young Berg,1250,3,4,,26A-3,Shipwreck,5/15/2019,701,5/15/2019,1150,172,,,,,,
5/15/2019,Everett Ramp,Kathy Young Berg,1252,7,4,,24B-1,Hat Is.,5/15/2019,701,5/15/2019,1150,530,No,20,310,,,
5/15/2019,Everett Ramp,Kathy Young Berg,1257,5,4,,24B-1,Hat Is.,5/15/2019,700,5/15/2019,1145,347,No,20,280,,,
5/15/2019,Everett Ramp,Kathy Young Berg,1304,5,4,,26A-3,Shipwreck,5/15/2019,700,5/15/2019,1200,368,,,,,,
5/15/2019,Everett Ramp,Kathy Young Berg,1305,2,1,,26A-1,Hat Is.,5/15/2019,700,5/15/2019,1145,40,,,,,,
5/15/2019,Everett Ramp,Kathy Young Berg,1307,3,4,,26A-1,Hat Is.,5/15/2019,700,5/15/2019,1230,240,,,,,,
5/15/2019,Everett Ramp,Kathy Young Berg,1309,2,4,,24B-2,Port Susan,5/15/2019,700,5/15/2019,1145,160,No,20,420,,,
5/15/2019,Everett Ramp,Kathy Young Berg,1312,2,4,,26A-2,Mukilteo,5/15/2019,700,5/15/2019,1230,24,,,,,,
5/15/2019,Everett Ramp,Kathy Young Berg,1316,4,4,,26A-9,Columbia Beach,5/15/2019,701,5/15/2019,1215,265,,,,,,
5/15/2019,Everett Ramp,Kathy Young Berg,1317,4,4,,24C-5,Langley,5/15/2019,700,5/15/2019,1245,251,,,,,,
5/15/2019,Everett Ramp,Kathy Young Berg,1321,2,4,,26A-1,Hat Is.,5/15/2019,700,5/15/2019,1240,100,Yes,20,730,,,
5/15/2019,Everett Ramp,Kathy Young Berg,1325,5,4,1,26A-1,Hat Is.,5/15/2019,700,5/15/2019,1200,129,,,,,,
5/15/2019,Everett Ramp,Kathy Young Berg,1327,5,4,,24B-1,Hat Is.,5/15/2019,701,5/15/2019,1245,140,,,,,,
5/15/2019,Everett Ramp,Kathy Young Berg,1337,2,4,,24B-1,Hat Is.,5/15/2019,900,5/15/2019,1130,160,,,,,,
5/15/2019,Everett Ramp,Kathy Young Berg,1338,5,4,,26A-2,Mukilteo,5/15/2019,700,5/15/2019,1215,120,,,,,,
5/15/2019,Everett Ramp,Kathy Young Berg,1340,4,4,1,24C-4,Camano Head,5/15/2019,700,5/15/2019,1230,320,,,,,,
5/15/2019,Everett Ramp,Kathy Young Berg,1345,4,4,,26A-1,Hat Is.,5/15/2019,700,5/15/2019,1255,149,,,,,,
5/15/2019,Everett Ramp,Kathy Young Berg,1347,3,3,,26A-1,Hat Is.,5/15/2019,701,5/15/2019,1258,22,,,,,,
5/15/2019,Everett Ramp,Kathy Young Berg,1350,3,3,,26A-3,Mukilteo,5/15/2019,900,5/15/2019,1245,78,,,,,,
5/15/2019,Everett Ramp,Kathy Young Berg,1351,2,3,,26A-3,Shipwreck,5/15/2019,700,5/15/2019,1235,160,No,20,260,,,
5/15/2019,Everett Ramp,Kathy Young Berg,1355,2,2,,26A-1,Hat Is.,5/15/2019,700,5/15/2019,1215,160,,,,,,
5/15/2019,Everett Ramp,Kathy Young Berg,1408,2,2,,26A-2,Boeing Dock Mukilteo,5/15/2019,1030,5/15/2019,1300,151,,,,,,
